{"inputs":[["3307000000000000000000000000000000000000000000000000000000000000","0020000000000000000000000000000000000000000000000000000000000000","8908000000000000000000000000000000000000000000000000000000000000","0020000000000000000000000000000000000000000000000000000000000000","0014000000000000000000000000000000000000000000000000000000000000","9903000000000000000000000000000000000000000000000000000000000000"]],"pretty_elements":{"rescaled_inputs":[["0.2249755859375","1","0.2667236328125","1","0.625","0.1124267578125"]],"inputs":[["0x0000000000000000000000000000000000000000000000000000000000000733","0x0000000000000000000000000000000000000000000000000000000000002000","0x0000000000000000000000000000000000000000000000000000000000000889","0x0000000000000000000000000000000000000000000000000000000000002000","0x0000000000000000000000000000000000000000000000000000000000001400","0x0000000000000000000000000000000000000000000000000000000000000399"]],"processed_inputs":[],"processed_params":[],"processed_outputs":[],"rescaled_outputs":[["0.4517822265625"]],"outputs":[["0x0000000000000000000000000000000000000000000000000000000000000e75"]]},"outputs":[["750e000000000000000000000000000000000000000000000000000000000000"]],"processed_inputs":null,"processed_params":null,"processed_outputs":null,"max_lookup_inputs":0,"min_lookup_inputs":-1583,"max_range_size":16383,"version":"22.0.1"}