{"inputs":[["1f05000000000000000000000000000000000000000000000000000000000000","f608000000000000000000000000000000000000000000000000000000000000","5505000000000000000000000000000000000000000000000000000000000000","7707000000000000000000000000000000000000000000000000000000000000","0020000000000000000000000000000000000000000000000000000000000000","1c09000000000000000000000000000000000000000000000000000000000000"]],"pretty_elements":{"rescaled_inputs":[["0.1600341796875","0.280029296875","0.1666259765625","0.2332763671875","1","0.28466796875"]],"inputs":[["0x000000000000000000000000000000000000000000000000000000000000051f","0x00000000000000000000000000000000000000000000000000000000000008f6","0x0000000000000000000000000000000000000000000000000000000000000555","0x0000000000000000000000000000000000000000000000000000000000000777","0x0000000000000000000000000000000000000000000000000000000000002000","0x000000000000000000000000000000000000000000000000000000000000091c"]],"processed_inputs":[],"processed_params":[],"processed_outputs":[],"rescaled_outputs":[["0.4232177734375"]],"outputs":[["0x0000000000000000000000000000000000000000000000000000000000000d8b"]]},"outputs":[["8b0d000000000000000000000000000000000000000000000000000000000000"]],"processed_inputs":null,"processed_params":null,"processed_outputs":null,"max_lookup_inputs":0,"min_lookup_inputs":-2537,"max_range_size":16383,"version":"22.0.1"}