{"inputs":[["4801000000000000000000000000000000000000000000000000000000000000","8f02000000000000000000000000000000000000000000000000000000000000","1101000000000000000000000000000000000000000000000000000000000000","3303000000000000000000000000000000000000000000000000000000000000","0000000000000000000000000000000000000000000000000000000000000000","e707000000000000000000000000000000000000000000000000000000000000"]],"pretty_elements":{"rescaled_inputs":[["0.0400390625","0.0799560546875","0.0333251953125","0.0999755859375","0","0.2469482421875"]],"inputs":[["0x0000000000000000000000000000000000000000000000000000000000000148","0x000000000000000000000000000000000000000000000000000000000000028f","0x0000000000000000000000000000000000000000000000000000000000000111","0x0000000000000000000000000000000000000000000000000000000000000333","0x0000000000000000000000000000000000000000000000000000000000000000","0x00000000000000000000000000000000000000000000000000000000000007e7"]],"processed_inputs":[],"processed_params":[],"processed_outputs":[],"rescaled_outputs":[["0.4249267578125"]],"outputs":[["0x0000000000000000000000000000000000000000000000000000000000000d99"]]},"outputs":[["990d000000000000000000000000000000000000000000000000000000000000"]],"processed_inputs":null,"processed_params":null,"processed_outputs":null,"max_lookup_inputs":0,"min_lookup_inputs":-2477,"max_range_size":16383,"version":"22.0.1"}